{"__symbolic":"module","version":4,"metadata":{"NgxEditorModule":{"__symbolic":"class","decorators":[{"__symbolic":"call","expression":{"__symbolic":"reference","module":"@angular/core","name":"NgModule","line":10,"character":1},"arguments":[{"imports":[{"__symbolic":"reference","module":"@angular/common","name":"CommonModule","line":11,"character":12},{"__symbolic":"reference","module":"@angular/forms","name":"FormsModule","line":11,"character":26},{"__symbolic":"reference","module":"@angular/forms","name":"ReactiveFormsModule","line":11,"character":39},{"__symbolic":"call","expression":{"__symbolic":"select","expression":{"__symbolic":"reference","module":"ngx-bootstrap","name":"PopoverModule","line":11,"character":60},"member":"forRoot"}},{"__symbolic":"reference","module":"primeng/primeng","name":"ContextMenuModule","line":11,"character":85}],"declarations":[{"__symbolic":"reference","name":"ɵa"},{"__symbolic":"reference","name":"ɵd"}],"exports":[{"__symbolic":"reference","name":"ɵa"},{"__symbolic":"reference","module":"ngx-bootstrap","name":"PopoverModule","line":13,"character":32}],"providers":[{"__symbolic":"reference","name":"ɵc"},{"__symbolic":"reference","name":"ɵb"}]}]}],"members":{}},"ɵa":{"__symbolic":"class","decorators":[{"__symbolic":"call","expression":{"__symbolic":"reference","module":"@angular/core","name":"Component","line":20,"character":1},"arguments":[{"selector":"app-ngx-editor","template":"<div class=\"ngx-editor\" id=\"ngxEditor\" [style.width]=\"config['width']\" [style.minWidth]=\"config['minWidth']\" tabindex=\"0\"\n  (focus)=\"onEditorFocus()\">\n\n  <app-ngx-editor-toolbar #ngxToolbar [languageCode]=\"languageCode\" [languageObj]=\"languageObj\" [config]=\"config\" [customButtonsArray]=\"customButtonsArray\" \n    (execute)=\"executeCommand($event)\" (triggerCustomClick)=\"onTriggerCustomClick($event)\" (focusTextArea)=\"focusTextArea()\"\n    (triggerInsertImage)=\"insertImage($event)\" (triggerInsertHtml)=\"insertHtml($event)\" (showPopOver)=\"onShowPopOver()\" \n    (hidePopOver)=\"onHidePopOver()\" (triggerInsertTable)=\"insertTable($event)\"></app-ngx-editor-toolbar>\n\n  <!-- text area -->\n  <div class=\"ngx-wrapper\" #ngxWrapper>\n    <div #ngxTextArea id=\"ngxEditorTextarea\" class=\"ngx-editor-textarea\" [attr.contenteditable]=\"config['editable']\" \n      [attr.translate]=\"config['translate']\" [attr.spellcheck]=\"config['spellcheck']\" [style.height]=\"config['height']\" \n      [style.minHeight]=\"config['minHeight']\" [style.resize]=\"Utils?.canResize(resizer)\" (input)=\"onContentChange($event.target.innerHTML)\"\n      (focus)=\"onTextAreaFocus()\" (blur)=\"onTextAreaBlur($event)\" (click)=\"onSelectionChange()\" (keyup)=\"onSelectionChange()\">\n    </div>\n\n    <span class=\"ngx-editor-placeholder\">{{ placeholder || config['placeholder'] }}</span>\n  </div>\n</div>\n\n<p-contextMenu #tableCellContextMenu [model]=\"tableCellContextMenuData.items\" appendTo=\"body\"\n  styleClass=\"table-cell-context-menu\"\n  [style]=\"{'left': tableCellContextMenuData.style.left + 'px', 'top': tableCellContextMenuData.style.top + 'px'}\">\n</p-contextMenu>\n","styles":[".ngx-editor{position:relative}.ngx-editor ::ng-deep [contenteditable=true]:empty:before{content:normal;display:block;color:#868e96;opacity:1}.ngx-editor .ngx-wrapper{position:relative}.ngx-editor .ngx-wrapper .ngx-editor-textarea{min-height:5rem;padding:.5rem .8rem 1rem;border:1px solid #ddd;background-color:#fff;overflow-x:auto;overflow-y:auto;z-index:2;position:relative}.ngx-editor .ngx-wrapper .ngx-editor-textarea.focus,.ngx-editor .ngx-wrapper .ngx-editor-textarea:focus{outline:0}.ngx-editor .ngx-wrapper .ngx-editor-textarea ::ng-deep blockquote{margin-left:1rem;border-left:.2em solid #dfe2e5;padding-left:.5rem}.ngx-editor .ngx-wrapper ::ng-deep p{margin-bottom:0}.ngx-editor .ngx-wrapper .ngx-editor-placeholder{display:none;position:absolute;top:0;padding:.5rem .8rem 1rem .9rem;z-index:1;color:#6c757d;opacity:1}.ngx-editor .ngx-wrapper.show-placeholder .ngx-editor-placeholder{display:block}::ng-deep .ui-widget.ui-contextmenu{font-family:-apple-system,BlinkMacSystemFont,\"Segoe UI\",Roboto,\"Helvetica Neue\",Arial,sans-serif;text-decoration:none;font-size:13px;background:#fff;width:200px}::ng-deep .ui-widget.ui-contextmenu.table-cell-context-menu{width:100px}::ng-deep .ui-widget.ui-contextmenu .ui-menuitem-link{color:#676a6c}::ng-deep .ui-widget.ui-contextmenu .ui-menuitem-link:hover{text-decoration:none}::ng-deep .ui-widget.ui-contextmenu .ui-submenu-list{background-color:#fff}"],"providers":[{"provide":{"__symbolic":"reference","module":"@angular/forms","name":"NG_VALUE_ACCESSOR","line":50,"character":15},"useExisting":{"__symbolic":"reference","name":"ɵa"},"multi":true}]}]}],"members":{"editable":[{"__symbolic":"property","decorators":[{"__symbolic":"call","expression":{"__symbolic":"reference","module":"@angular/core","name":"Input","line":60,"character":3}}]}],"spellcheck":[{"__symbolic":"property","decorators":[{"__symbolic":"call","expression":{"__symbolic":"reference","module":"@angular/core","name":"Input","line":62,"character":3}}]}],"placeholder":[{"__symbolic":"property","decorators":[{"__symbolic":"call","expression":{"__symbolic":"reference","module":"@angular/core","name":"Input","line":64,"character":3}}]}],"translate":[{"__symbolic":"property","decorators":[{"__symbolic":"call","expression":{"__symbolic":"reference","module":"@angular/core","name":"Input","line":70,"character":3}}]}],"height":[{"__symbolic":"property","decorators":[{"__symbolic":"call","expression":{"__symbolic":"reference","module":"@angular/core","name":"Input","line":72,"character":3}}]}],"minHeight":[{"__symbolic":"property","decorators":[{"__symbolic":"call","expression":{"__symbolic":"reference","module":"@angular/core","name":"Input","line":74,"character":3}}]}],"width":[{"__symbolic":"property","decorators":[{"__symbolic":"call","expression":{"__symbolic":"reference","module":"@angular/core","name":"Input","line":76,"character":3}}]}],"minWidth":[{"__symbolic":"property","decorators":[{"__symbolic":"call","expression":{"__symbolic":"reference","module":"@angular/core","name":"Input","line":78,"character":3}}]}],"toolbar":[{"__symbolic":"property","decorators":[{"__symbolic":"call","expression":{"__symbolic":"reference","module":"@angular/core","name":"Input","line":86,"character":3}}]}],"resizer":[{"__symbolic":"property","decorators":[{"__symbolic":"call","expression":{"__symbolic":"reference","module":"@angular/core","name":"Input","line":94,"character":3}}]}],"config":[{"__symbolic":"property","decorators":[{"__symbolic":"call","expression":{"__symbolic":"reference","module":"@angular/core","name":"Input","line":101,"character":3}}]}],"showToolbar":[{"__symbolic":"property","decorators":[{"__symbolic":"call","expression":{"__symbolic":"reference","module":"@angular/core","name":"Input","line":103,"character":3}}]}],"enableToolbar":[{"__symbolic":"property","decorators":[{"__symbolic":"call","expression":{"__symbolic":"reference","module":"@angular/core","name":"Input","line":105,"character":3}}]}],"imageEndPoint":[{"__symbolic":"property","decorators":[{"__symbolic":"call","expression":{"__symbolic":"reference","module":"@angular/core","name":"Input","line":107,"character":3}}]}],"customButtonsArray":[{"__symbolic":"property","decorators":[{"__symbolic":"call","expression":{"__symbolic":"reference","module":"@angular/core","name":"Input","line":109,"character":3}}]}],"setFocus":[{"__symbolic":"property","decorators":[{"__symbolic":"call","expression":{"__symbolic":"reference","module":"@angular/core","name":"Input","line":110,"character":3}}]}],"pasteAsPlainText":[{"__symbolic":"property","decorators":[{"__symbolic":"call","expression":{"__symbolic":"reference","module":"@angular/core","name":"Input","line":115,"character":3}}]}],"languageCode":[{"__symbolic":"property","decorators":[{"__symbolic":"call","expression":{"__symbolic":"reference","module":"@angular/core","name":"Input","line":116,"character":3}}]}],"blur":[{"__symbolic":"property","decorators":[{"__symbolic":"call","expression":{"__symbolic":"reference","module":"@angular/core","name":"Output","line":119,"character":3}}]}],"focus":[{"__symbolic":"property","decorators":[{"__symbolic":"call","expression":{"__symbolic":"reference","module":"@angular/core","name":"Output","line":121,"character":3}}]}],"triggerCustomClick":[{"__symbolic":"property","decorators":[{"__symbolic":"call","expression":{"__symbolic":"reference","module":"@angular/core","name":"Output","line":123,"character":3}}]}],"change":[{"__symbolic":"property","decorators":[{"__symbolic":"call","expression":{"__symbolic":"reference","module":"@angular/core","name":"Output","line":124,"character":3}}]}],"optionClicked":[{"__symbolic":"property","decorators":[{"__symbolic":"call","expression":{"__symbolic":"reference","module":"@angular/core","name":"Output","line":125,"character":3}}]}],"triggerMessage":[{"__symbolic":"property","decorators":[{"__symbolic":"call","expression":{"__symbolic":"reference","module":"@angular/core","name":"Output","line":127,"character":3}}]}],"showPopOver":[{"__symbolic":"property","decorators":[{"__symbolic":"call","expression":{"__symbolic":"reference","module":"@angular/core","name":"Output","line":129,"character":3}}]}],"hidePopOver":[{"__symbolic":"property","decorators":[{"__symbolic":"call","expression":{"__symbolic":"reference","module":"@angular/core","name":"Output","line":130,"character":3}}]}],"textArea":[{"__symbolic":"property","decorators":[{"__symbolic":"call","expression":{"__symbolic":"reference","module":"@angular/core","name":"ViewChild","line":132,"character":3},"arguments":["ngxTextArea"]}]}],"ngxWrapper":[{"__symbolic":"property","decorators":[{"__symbolic":"call","expression":{"__symbolic":"reference","module":"@angular/core","name":"ViewChild","line":133,"character":3},"arguments":["ngxWrapper"]}]}],"ngxToolbar":[{"__symbolic":"property","decorators":[{"__symbolic":"call","expression":{"__symbolic":"reference","module":"@angular/core","name":"ViewChild","line":134,"character":3},"arguments":["ngxToolbar"]}]}],"tableCellContextMenu":[{"__symbolic":"property","decorators":[{"__symbolic":"call","expression":{"__symbolic":"reference","module":"@angular/core","name":"ViewChild","line":160,"character":3},"arguments":["tableCellContextMenu"]}]}],"__ctor__":[{"__symbolic":"constructor","parameters":[{"__symbolic":"reference","name":"ɵb"},{"__symbolic":"reference","name":"ɵc"},{"__symbolic":"reference","module":"@angular/core","name":"Renderer2","line":180,"character":23}]}],"ngOnInit":[{"__symbolic":"method"}],"ngOnChanges":[{"__symbolic":"method"}],"ngAfterViewInit":[{"__symbolic":"method"}],"ngOnDestroy":[{"__symbolic":"method"}],"afterWriteNgxEditorValue":[{"__symbolic":"method"}],"onTextAreaFocus":[{"__symbolic":"method"}],"onEditorFocus":[{"__symbolic":"method"}],"onContentChange":[{"__symbolic":"method"}],"onTextAreaBlur":[{"__symbolic":"method"}],"onSelectionChange":[{"__symbolic":"method"}],"resizeTextArea":[{"__symbolic":"method"}],"executeCommand":[{"__symbolic":"method"}],"writeValue":[{"__symbolic":"method"}],"registerOnChange":[{"__symbolic":"method"}],"registerOnTouched":[{"__symbolic":"method"}],"refreshView":[{"__symbolic":"method"}],"togglePlaceholder":[{"__symbolic":"method"}],"getCollectiveParams":[{"__symbolic":"method"}],"onTriggerCustomClick":[{"__symbolic":"method"}],"focusTextArea":[{"__symbolic":"method"}],"executePasteAsPlainText":[{"__symbolic":"method"}],"insertImage":[{"__symbolic":"method"}],"onShowPopOver":[{"__symbolic":"method"}],"onHidePopOver":[{"__symbolic":"method"}],"insertHtml":[{"__symbolic":"method"}],"insertTable":[{"__symbolic":"method"}],"initializeNgxEditorTable":[{"__symbolic":"method"}],"bindNgxEditorTableContextMenuEvent":[{"__symbolic":"method"}],"bindNgxEditorTableRowContextMenuEvent":[{"__symbolic":"method"}],"bindNgxEditorTableColumnContextMenuEvent":[{"__symbolic":"method"}],"onContextMenuTableCell":[{"__symbolic":"method"}],"onInsertTableRowAbove":[{"__symbolic":"method"}],"onInsertTableRowBelow":[{"__symbolic":"method"}],"onInsertTableColumnBefore":[{"__symbolic":"method"}],"onInsertTableColumnAfter":[{"__symbolic":"method"}],"onDeleteTableRow":[{"__symbolic":"method"}],"onDeleteTableColumn":[{"__symbolic":"method"}],"onDeleteTable":[{"__symbolic":"method"}],"saveSelection":[{"__symbolic":"method"}],"focusElementInsideEditor":[{"__symbolic":"method"}],"getEditorElementRange":[{"__symbolic":"method"}],"generateTableHtml":[{"__symbolic":"method"}],"generateTableRowHtml":[{"__symbolic":"method"}],"insertTableRow":[{"__symbolic":"method"}],"insertTableColumn":[{"__symbolic":"method"}],"deleteTableRow":[{"__symbolic":"method"}],"deleteTableColumn":[{"__symbolic":"method"}],"_tblSelector":[{"__symbolic":"method"}]}},"ɵb":{"__symbolic":"class","decorators":[{"__symbolic":"call","expression":{"__symbolic":"reference","module":"@angular/core","name":"Injectable","line":8,"character":1}}],"members":{"__ctor__":[{"__symbolic":"constructor"}],"getMessage":[{"__symbolic":"method"}],"sendMessage":[{"__symbolic":"method"}],"clearMessageIn":[{"__symbolic":"method"}]}},"ɵc":{"__symbolic":"class","decorators":[{"__symbolic":"call","expression":{"__symbolic":"reference","module":"@angular/core","name":"Injectable","line":5,"character":1}}],"members":{"__ctor__":[{"__symbolic":"constructor","parameters":[{"__symbolic":"reference","module":"@angular/common/http","name":"HttpClient","line":15,"character":29}]}],"execute":[{"__symbolic":"method"}],"insertImage":[{"__symbolic":"method"}],"insertVideo":[{"__symbolic":"method"}],"isYoutubeLink":[{"__symbolic":"method"}],"isValidURL":[{"__symbolic":"method"}],"uploadImage":[{"__symbolic":"method"}],"createLink":[{"__symbolic":"method"}],"insertColor":[{"__symbolic":"method"}],"setFontSize":[{"__symbolic":"method"}],"setFontName":[{"__symbolic":"method"}],"insertHtml":[{"__symbolic":"method"}],"restoreSelectionAndInsertHtml":[{"__symbolic":"method"}],"isNumeric":[{"__symbolic":"method"}],"deleteAndGetElement":[{"__symbolic":"method"}],"checkSelection":[{"__symbolic":"method"}],"checkTagSupportInBrowser":[{"__symbolic":"method"}]}},"ɵd":{"__symbolic":"class","decorators":[{"__symbolic":"call","expression":{"__symbolic":"reference","module":"@angular/core","name":"Component","line":17,"character":1},"arguments":[{"selector":"app-ngx-editor-toolbar","template":"<div class=\"ngx-toolbar\" *ngIf=\"config['showToolbar']\">\n  <div class=\"ngx-toolbar-set\" [ngClass]=\"{'width-70': customButtonsArray && customButtonsArray.length}\">\n    <button [ngClass]=\"activeButtonArray['bold']==true?'active':''\" type=\"button\" class=\"ngx-editor-button\" *ngIf=\"canEnableToolbarOptions('bold')\" (click)=\"triggerCommand('bold')\"\n      title=\"{{languageObj.BOLD}}\" [disabled]=\"!config['enableToolbar']\">\n      <i class=\"fa fa-bold\" aria-hidden=\"true\"></i>\n    </button>\n    <button [ngClass]=\"activeButtonArray['italic']==true?'active':''\" type=\"button\" class=\"ngx-editor-button\" *ngIf=\"canEnableToolbarOptions('italic')\" (click)=\"triggerCommand('italic')\"\n      title=\"{{languageObj.ITALIC}}\" [disabled]=\"!config['enableToolbar']\">\n      <i class=\"fa fa-italic\" aria-hidden=\"true\"></i>\n    </button>\n    <button [ngClass]=\"activeButtonArray['underline']==true?'active':''\" type=\"button\" class=\"ngx-editor-button\" *ngIf=\"canEnableToolbarOptions('underline')\" (click)=\"triggerCommand('underline')\"\n      title=\"{{languageObj.UNDERLINE}}\" [disabled]=\"!config['enableToolbar']\">\n      <i class=\"fa fa-underline\" aria-hidden=\"true\"></i>\n    </button>\n    <button [ngClass]=\"activeButtonArray['strikethrough']==true?'active':''\" type=\"button\" class=\"ngx-editor-button\" *ngIf=\"canEnableToolbarOptions('strikeThrough')\" (click)=\"triggerCommand('strikeThrough')\"\n      title=\"{{languageObj.STRIKETHROUGH}}\" [disabled]=\"!config['enableToolbar']\">\n      <i class=\"fa fa-strikethrough\" aria-hidden=\"true\"></i>\n    </button>\n    <button [ngClass]=\"activeButtonArray['superscript']==true?'active':''\" type=\"button\" class=\"ngx-editor-button\" *ngIf=\"canEnableToolbarOptions('superscript')\" (click)=\"triggerCommand('superscript')\"\n      title=\"{{languageObj.SUPERSCRIPT}}\" [disabled]=\"!config['enableToolbar']\">\n      <i class=\"fa fa-superscript\" aria-hidden=\"true\"></i>\n    </button>\n    <button [ngClass]=\"activeButtonArray['subscript']==true?'active':''\" type=\"button\" class=\"ngx-editor-button\" *ngIf=\"canEnableToolbarOptions('subscript') && isMoreShow\" (click)=\"triggerCommand('subscript')\"\n      title=\"{{languageObj.SUBSCRIPT}}\" [disabled]=\"!config['enableToolbar']\">\n      <i class=\"fa fa-subscript\" aria-hidden=\"true\"></i>\n    </button>\n    <button type=\"button\" class=\"ngx-editor-button\" *ngIf=\"canEnableToolbarOptions('fontName') && isMoreShow\" (click)=\"fontName = ''\" title=\"{{languageObj.FONT_FAMILY}}\"\n      [popover]=\"fontNameTemplate\" #fontNamePopover=\"bs-popover\" containerClass=\"ngxePopover\" [disabled]=\"!config['enableToolbar']\">\n      <i class=\"fa fa-font\" aria-hidden=\"true\"></i>\n    </button>\n    <button type=\"button\" class=\"ngx-editor-button\" *ngIf=\"canEnableToolbarOptions('fontSize') && isMoreShow\" (click)=\"fontSize = ''\" title=\"{{languageObj.FONT_SIZE}}\"\n      [popover]=\"fontSizeTemplate\" #fontSizePopover=\"bs-popover\" containerClass=\"ngxePopover\" [disabled]=\"!config['enableToolbar']\">\n      <i class=\"fa fa-text-height\" aria-hidden=\"true\"></i>\n    </button>\n    <button type=\"button\" class=\"ngx-editor-button\" *ngIf=\"canEnableToolbarOptions('color') && isMoreShow\" (click)=\"hexColor = ''\" title=\"{{languageObj.COLOR_PICKER}}\"\n      [popover]=\"insertColorTemplate\" #colorPopover=\"bs-popover\" containerClass=\"ngxePopover\" [disabled]=\"!config['enableToolbar']\">\n      <i class=\"fa fa-tint\" aria-hidden=\"true\"></i>\n    </button>\n    <button type=\"button\" class=\"ngx-editor-button\" *ngIf=\"canEnableToolbarOptions('justifyLeft') && isMoreShow\" (click)=\"triggerCommand('justifyLeft')\"\n      title=\"{{languageObj.JUSTIFY_LEFT}}\" [disabled]=\"!config['enableToolbar']\">\n      <i class=\"fa fa-align-left\" aria-hidden=\"true\"></i>\n    </button>\n    <button type=\"button\" class=\"ngx-editor-button\" *ngIf=\"canEnableToolbarOptions('justifyCenter') && isMoreShow\" (click)=\"triggerCommand('justifyCenter')\"\n      title=\"{{languageObj.JUSTIFY_CENTER}}\" [disabled]=\"!config['enableToolbar']\">\n      <i class=\"fa fa-align-center\" aria-hidden=\"true\"></i>\n    </button>\n    <button type=\"button\" class=\"ngx-editor-button\" *ngIf=\"canEnableToolbarOptions('justifyRight') && isMoreShow\" (click)=\"triggerCommand('justifyRight')\"\n      title=\"{{languageObj.JUSTIFY_RIGHT}}\" [disabled]=\"!config['enableToolbar']\">\n      <i class=\"fa fa-align-right\" aria-hidden=\"true\"></i>\n    </button>\n    <button type=\"button\" class=\"ngx-editor-button\" *ngIf=\"canEnableToolbarOptions('justifyFull') && isMoreShow\" (click)=\"triggerCommand('justifyFull')\"\n      title=\"{{languageObj.JUSTIFY}}\" [disabled]=\"!config['enableToolbar']\">\n      <i class=\"fa fa-align-justify\" aria-hidden=\"true\"></i>\n    </button>\n    <button type=\"button\" class=\"ngx-editor-button\" *ngIf=\"canEnableToolbarOptions('indent') && isMoreShow\" (click)=\"triggerCommand('indent')\"\n      title=\"{{languageObj.INDENT}}\" [disabled]=\"!config['enableToolbar']\">\n      <i class=\"fa fa-indent\" aria-hidden=\"true\"></i>\n    </button>\n    <button type=\"button\" class=\"ngx-editor-button\" *ngIf=\"canEnableToolbarOptions('outdent') && isMoreShow\" (click)=\"triggerCommand('outdent')\"\n      title=\"{{languageObj.OUTDENT}}\" [disabled]=\"!config['enableToolbar']\">\n      <i class=\"fa fa-outdent\" aria-hidden=\"true\"></i>\n    </button>\n    <button type=\"button\" class=\"ngx-editor-button\" *ngIf=\"canEnableToolbarOptions('cut') && isMoreShow\" (click)=\"triggerCommand('cut')\" title=\"{{languageObj.CUT}}\"\n      [disabled]=\"!config['enableToolbar']\">\n      <i class=\"fa fa-scissors\" aria-hidden=\"true\"></i>\n    </button>\n    <button type=\"button\" class=\"ngx-editor-button\" *ngIf=\"canEnableToolbarOptions('copy') && isMoreShow\" (click)=\"triggerCommand('copy')\"\n      title=\"{{languageObj.COPY}}\" [disabled]=\"!config['enableToolbar']\">\n      <i class=\"fa fa-files-o\" aria-hidden=\"true\"></i>\n    </button>\n    <button type=\"button\" class=\"ngx-editor-button\" *ngIf=\"canEnableToolbarOptions('delete')\" (click)=\"triggerCommand('delete')\"\n      title=\"{{languageObj.DELETE}}\" [disabled]=\"!config['enableToolbar']\">\n      <i class=\"fa fa-trash\" aria-hidden=\"true\"></i>\n    </button>\n    <button type=\"button\" class=\"ngx-editor-button\" *ngIf=\"canEnableToolbarOptions('removeFormat') && isMoreShow\" (click)=\"triggerCommand('removeFormat')\"\n      title=\"{{languageObj.CLEAR_FORMATTING}}\" [disabled]=\"!config['enableToolbar']\">\n      <i class=\"fa fa-eraser\" aria-hidden=\"true\"></i>\n    </button>\n    <button type=\"button\" class=\"ngx-editor-button\" *ngIf=\"canEnableToolbarOptions('undo') && isMoreShow\" (click)=\"triggerCommand('undo')\"\n      title=\"{{languageObj.UNDO}}\" [disabled]=\"!config['enableToolbar']\">\n      <i class=\"fa fa-undo\" aria-hidden=\"true\"></i>\n    </button>\n    <button type=\"button\" class=\"ngx-editor-button\" *ngIf=\"canEnableToolbarOptions('redo') && isMoreShow\" (click)=\"triggerCommand('redo')\"\n      title=\"{{languageObj.REDO}}\" [disabled]=\"!config['enableToolbar']\">\n      <i class=\"fa fa-repeat\" aria-hidden=\"true\"></i>\n    </button>\n    <button type=\"button\" class=\"ngx-editor-button\" *ngIf=\"canEnableToolbarOptions('paragraph') && isMoreShow\" (click)=\"triggerCommand('insertParagraph')\"\n      title=\"{{languageObj.PARAGRAPH}}\" [disabled]=\"!config['enableToolbar']\">\n      <i class=\"fa fa-paragraph\" aria-hidden=\"true\"></i>\n    </button>\n    <button [ngClass]=\"activeButtonArray['blockquote']==true?'active':''\" type=\"button\" class=\"ngx-editor-button\" *ngIf=\"canEnableToolbarOptions('blockquote') && isMoreShow\" (click)=\"triggerCommand('blockquote')\"\n      title=\"{{languageObj.BLOCKQUOTE}}\" [disabled]=\"!config['enableToolbar']\">\n      <i class=\"fa fa-quote-left\" aria-hidden=\"true\"></i>\n    </button>\n    <button [ngClass]=\"activeButtonArray['removeblockquote']==true?'active':''\" type=\"button\" class=\"ngx-editor-button\" *ngIf=\"canEnableToolbarOptions('removeBlockquote') && isMoreShow\" (click)=\"triggerCommand('removeBlockquote')\"\n      title=\"{{languageObj.REMOVE_BLOCKQUOTE}}\" [disabled]=\"!config['enableToolbar']\">\n      <i class=\"fa fa-quote-right\" aria-hidden=\"true\"></i>\n    </button>\n    <button type=\"button\" class=\"ngx-editor-button\" *ngIf=\"canEnableToolbarOptions('horizontalLine') && isMoreShow\" (click)=\"triggerCommand('insertHorizontalRule')\"\n      title=\"{{languageObj.HORIZONTAL_LINE}}\" [disabled]=\"!config['enableToolbar']\">\n      <i class=\"fa fa-minus\" aria-hidden=\"true\"></i>\n    </button>\n    <button [ngClass]=\"activeButtonArray['insertunorderedlist']==true?'active':''\" type=\"button\" class=\"ngx-editor-button\" *ngIf=\"canEnableToolbarOptions('unorderedList') && isMoreShow\" (click)=\"triggerCommand('insertUnorderedList')\"\n      title=\"{{languageObj.UNORDERED_LIST}}\" [disabled]=\"!config['enableToolbar']\">\n      <i class=\"fa fa-list-ul\" aria-hidden=\"true\"></i>\n    </button>\n    <button [ngClass]=\"activeButtonArray['insertorderedlist']==true?'active':''\" type=\"button\" class=\"ngx-editor-button\" *ngIf=\"canEnableToolbarOptions('orderedList') && isMoreShow\" (click)=\"triggerCommand('insertOrderedList')\"\n      title=\"{{languageObj.ORDERED_LIST}}\" [disabled]=\"!config['enableToolbar']\">\n      <i class=\"fa fa-list-ol\" aria-hidden=\"true\"></i>\n    </button>\n    <button type=\"button\" class=\"ngx-editor-button\" *ngIf=\"canEnableToolbarOptions('link') && isMoreShow\" (click)=\"buildUrlForm(true)\" [popover]=\"insertLinkTemplate\"\n      title=\"{{languageObj.INSERT_LINK}}\" #urlPopover=\"bs-popover\" containerClass=\"ngxePopover\" [disabled]=\"!config['enableToolbar']\">\n      <i class=\"fa fa-link\" aria-hidden=\"true\"></i>\n    </button>\n    <button type=\"button\" class=\"ngx-editor-button\" *ngIf=\"canEnableToolbarOptions('unlink') && isMoreShow\" (click)=\"triggerCommand('unlink')\"\n      title=\"{{languageObj.UNLINK}}\" [disabled]=\"!config['enableToolbar']\">\n      <i class=\"fa fa-chain-broken\" aria-hidden=\"true\"></i>\n    </button>\n    <button type=\"button\" class=\"ngx-editor-button\" *ngIf=\"canEnableToolbarOptions('image') && isMoreShow\" (click)=\"buildImageForm()\" title=\"{{languageObj.INSERT_IMAGE}}\"\n      [popover]=\"insertImageTemplate\" #imagePopover=\"bs-popover\" containerClass=\"ngxePopover\" [disabled]=\"!config['enableToolbar']\"\n      (onShown)=\"onShownImagePopOver()\" (onHidden)=\"onHideImagePopOver()\">\n      <i class=\"fa fa-picture-o\" aria-hidden=\"true\"></i>\n    </button>\n    <button type=\"button\" class=\"ngx-editor-button\" *ngIf=\"canEnableToolbarOptions('video') && isMoreShow\" (click)=\"buildVideoForm()\" title=\"{{languageObj.INSERT_VIDEO}}\"\n      [popover]=\"insertVideoTemplate\" #videoPopover=\"bs-popover\" containerClass=\"ngxePopover\" [disabled]=\"!config['enableToolbar']\">\n      <i class=\"fa fa-youtube-play\" aria-hidden=\"true\"></i>\n    </button>\n    <button type=\"button\" class=\"ngx-editor-button\" *ngIf=\"canEnableToolbarOptions('table') && isMoreShow\" title=\"{{languageObj.INSERT_TABLE}}\"\n      [popover]=\"insertTableTemplate\" #tablePopover=\"bs-popover\" containerClass=\"ngxePopover\" [disabled]=\"!config['enableToolbar']\"\n      (onShown)=\"onShownTablePopOver()\" (onHidden)=\"onHideTablePopOver()\">\n      <i class=\"fa fa-table\" aria-hidden=\"true\"></i>\n    </button>\n    <button type=\"button\" class=\"ngx-editor-button\" [title]=\"moreButtonText\" (click)=\"toggleShowLessOrMore()\">\n      <i [ngClass]=\"isMoreShow ? 'fa fa-caret-up' : 'fa fa-caret-down'\" aria-hidden=\"true\"></i>\n    </button>\n  </div>\n  <!-- Custom buttons -->\n  <div class=\"custom-button-container\" *ngIf=\"customButtonsArray && customButtonsArray.length\">\n    <ng-container *ngFor=\"let customButton of customButtonsArray\">\n        <button *ngIf=\"customButton.icon\" type=\"button\" class=\"ngx-editor-button\" title=\"{{customButton.title || customButton.value}}\" (click)=\"!customButton.disabled && triggerCustomButtonClick(customButton.btnText)\" [disabled]=\"customButton.disabled\"><i class=\"{{customButton.icon}}\" aria-hidden=\"true\"></i>\n        </button>\n        <button *ngIf=\"!customButton.icon\" type=\"button\" class=\"ngx-editor-button\" title=\"{{customButton.title || customButton.value}}\" (click)=\"!customButton.disabled && triggerCustomButtonClick(customButton.btnText)\" [disabled]=\"customButton.disabled\">{{customButton.value}}\n        </button>\n    </ng-container>\n  </div>\n</div>\n\n<!-- URL Popover template -->\n<ng-template #insertLinkTemplate>\n  <div class=\"ngxe-popover extra-gt\">\n    <form [formGroup]=\"urlForm\" (ngSubmit)=\"urlForm.valid && insertLink()\" autocomplete=\"off\">\n      <div class=\"form-group\">\n        <label for=\"urlInput\" class=\"small\">URL</label>\n        <input type=\"text\" class=\"form-control-sm\" id=\"URLInput\" placeholder=\"URL\" formControlName=\"urlLink\" required [pattern]=\"urlPattern\">\n      </div>\n      <div class=\"form-group\">\n        <label for=\"urlTextInput\" class=\"small\">Text</label>\n        <input type=\"text\" class=\"form-control-sm\" id=\"urlTextInput\" placeholder=\"Text\" formControlName=\"urlText\" required>\n      </div>\n      <div class=\"form-check\">\n        <input type=\"checkbox\" class=\"form-check-input\" id=\"urlNewTab\" formControlName=\"urlNewTab\">\n        <label class=\"form-check-label\" for=\"urlNewTab\">Open in new tab</label>\n      </div>\n      <button type=\"submit\" class=\"btn-primary btn-sm btn\" [disabled]=\"!urlForm.valid\">{{languageObj.SUBMIT}}</button>\n    </form>\n  </div>\n</ng-template>\n\n<!-- Image Uploader Popover template -->\n<ng-template #insertImageTemplate>\n  <div class=\"ngxe-popover imgc-ctnr\">\n    <div class=\"imgc-topbar btn-ctnr\">\n      <button type=\"button\" class=\"btn\" [ngClass]=\"{active: isImageUploader}\" (click)=\"isImageUploader = true\">\n        <i class=\"fa fa-upload\"></i>\n      </button>\n      <button type=\"button\" class=\"btn\" [ngClass]=\"{active: !isImageUploader}\" (click)=\"isImageUploader = false\">\n        <i class=\"fa fa-link\"></i>\n      </button>\n    </div>\n    <div class=\"imgc-ctnt is-image\">\n      <div *ngIf=\"isImageUploader; else insertImageLink\"> </div>\n      <div *ngIf=\"!isImageUploader; else imageUploder\"> </div>\n      <ng-template #imageUploder>\n        <div class=\"ngx-insert-img-ph\">\n          <p *ngIf=\"uploadComplete\">{{languageObj.CHOOSE_IMAGE}}</p>\n          <p *ngIf=\"!uploadComplete\">\n            <span>{{languageObj.UPLOADING_IMAGE}}</span>\n            <br>\n            <span>{{ updloadPercentage }} %</span>\n          </p>\n          <div class=\"ngxe-img-upl-frm\">\n            <input type=\"file\" (change)=\"onFileChange($event)\" accept=\"image/*\" [disabled]=\"isUploading\" />\n          </div>\n        </div>\n      </ng-template>\n      <ng-template #insertImageLink>\n        <form class=\"extra-gt\" [formGroup]=\"imageForm\" (ngSubmit)=\"imageForm.valid && insertImage()\" autocomplete=\"off\">\n          <div class=\"form-group\">\n            <label for=\"imageURLInput\" class=\"small\">{{languageObj.URL}}</label>\n            <input type=\"text\" class=\"form-control-sm\" id=\"imageURLInput\" placeholder=\"{{languageObj.URL}}\" formControlName=\"imageUrl\" required>\n          </div>\n          <button type=\"submit\" class=\"btn-primary btn-sm btn\">{{languageObj.SUBMIT}}</button>\n        </form>\n      </ng-template>\n      <div class=\"progress\" *ngIf=\"!uploadComplete\">\n        <div class=\"progress-bar progress-bar-striped progress-bar-animated bg-success\" [ngClass]=\"{'bg-danger': updloadPercentage<20, 'bg-warning': updloadPercentage<50, 'bg-success': updloadPercentage>=100}\"\n          [style.width.%]=\"updloadPercentage\"></div>\n      </div>\n    </div>\n  </div>\n</ng-template>\n\n\n<!-- Insert Video Popover template -->\n<ng-template #insertVideoTemplate>\n  <div class=\"ngxe-popover imgc-ctnr\">\n    <div class=\"imgc-topbar btn-ctnr\">\n      <button type=\"button\" class=\"btn active\">\n        <i class=\"fa fa-link\"></i>\n      </button>\n    </div>\n    <div class=\"imgc-ctnt is-image\">\n      <form class=\"extra-gt\" [formGroup]=\"videoForm\" (ngSubmit)=\"videoForm.valid && insertVideo()\" autocomplete=\"off\">\n        <div class=\"form-group\">\n          <label for=\"videoURLInput\" class=\"small\">{{languageObj.URL}}</label>\n          <input type=\"text\" class=\"form-control-sm\" id=\"videoURLInput\" placeholder=\"{{languageObj.URL}}\" formControlName=\"videoUrl\" required>\n        </div>\n        <div class=\"row form-group\">\n          <div class=\"col\">\n            <input type=\"text\" class=\"form-control-sm\" formControlName=\"height\" placeholder=\"{{languageObj.HEIGHT_PX}}\" (keypress)=\"onlyNumbers($event)\">\n          </div>\n          <div class=\"col\">\n            <input type=\"text\" class=\"form-control-sm\" formControlName=\"width\" placeholder=\"{{languageObj.WIDTH_PX}}\" (keypress)=\"onlyNumbers($event)\">\n          </div>\n          <label class=\"small\">{{languageObj.HEIGHT_WIDTH}}</label>\n        </div>\n        <button type=\"submit\" class=\"btn-primary btn-sm btn\">{{languageObj.SUBMIT}}</button>\n      </form>\n    </div>\n  </div>\n</ng-template>\n\n<!-- Insert color template -->\n<ng-template #insertColorTemplate>\n  <div class=\"ngxe-popover imgc-ctnr\">\n    <div class=\"imgc-topbar two-tabs\">\n      <span (click)=\"selectedColorTab ='textColor'\" [ngClass]=\"{active: selectedColorTab ==='textColor'}\">{{languageObj.TEXT}}</span>\n      <span (click)=\"selectedColorTab ='backgroundColor'\" [ngClass]=\"{active: selectedColorTab ==='backgroundColor'}\">{{languageObj.BACKGROUND}}</span>\n    </div>\n    <div class=\"imgc-ctnt is-color extra-gt1\">\n      <form autocomplete=\"off\">\n        <div class=\"form-group\">\n          <label for=\"hexInput\" class=\"small\">{{languageObj.HEX_COLOR}}</label>\n          <input type=\"text\" class=\"form-control-sm\" id=\"hexInput\" name=\"hexInput\" maxlength=\"7\" placeholder=\"{{languageObj.HEX_COLOR}}\" [(ngModel)]=\"hexColor\"\n            required>\n        </div>\n        <button type=\"button\" class=\"btn-primary btn-sm btn\" (click)=\"insertColor(hexColor, selectedColorTab)\">{{languageObj.SUBMIT}}</button>\n      </form>\n    </div>\n  </div>\n</ng-template>\n\n<!-- font size template -->\n<ng-template #fontSizeTemplate>\n  <div class=\"ngxe-popover extra-gt1\">\n    <form autocomplete=\"off\">\n      <div class=\"form-group\">\n        <label for=\"fontSize\" class=\"small\">{{languageObj.FONT_SIZE}}</label>\n        <input type=\"text\" class=\"form-control-sm\" id=\"fontSize\" name=\"fontSize\" placeholder=\"{{languageObj.FONT_SIZE_IN_PXREM}}\" [(ngModel)]=\"fontSize\"\n          required>\n      </div>\n      <button type=\"button\" class=\"btn-primary btn-sm btn\" (click)=\"setFontSize(fontSize)\">{{languageObj.SUBMIT}}</button>\n    </form>\n  </div>\n</ng-template>\n\n<!-- font family/name template -->\n<ng-template #fontNameTemplate>\n  <div class=\"ngxe-popover extra-gt1\">\n    <form autocomplete=\"off\">\n      <div class=\"form-group\">\n        <label for=\"fontSize\" class=\"small\">{{languageObj.FONT_SIZE}}</label>\n        <input type=\"text\" class=\"form-control-sm\" id=\"fontSize\" name=\"fontName\" placeholder=\"{{languageObj.EX_TIMES_NEW_ROMAN_TIMES_SERIF}}\"\n          [(ngModel)]=\"fontName\" required>\n      </div>\n      <button type=\"button\" class=\"btn-primary btn-sm btn\" (click)=\"setFontName(fontName)\">{{languageObj.SUBMIT}}</button>\n    </form>\n  </div>\n</ng-template>\n\n<!-- Table Popover template -->\n<ng-template #insertTableTemplate>\n  <div class=\"ngxe-popover tbl-popover-ctnr\">\n    <div class=\"row-column-box-ctnr\" (mouseleave)=\"onMouseLeaveRowColumnBoxContainer()\">\n      <div class=\"row-column-box-row\" *ngFor=\"let rowColumnBoxRow of tablePopoverData.tablePopoverRowColumnBoxArray; let rowIndex = index;\">\n        <span *ngFor=\"let rowColumnBox of rowColumnBoxRow; let colIndex = index;\" class=\"row-column-box\"\n          [ngClass]=\"{'highlight': rowColumnBox['isHighlight']}\"\n          (mouseenter)=\"onMouseEnterRowColumnBox(rowIndex, colIndex)\"\n          (click)=\"onClickRowColumnBox(rowIndex, colIndex)\"></span>\n      </div>\n    </div>\n\n    <div class=\"selected-row-column-count\">\n      {{tablePopoverData.selectedTablePopoverRowIndex + 1}} x {{tablePopoverData.selectedTablePopoverColumnIndex + 1}}\n    </div>\n  </div>\n</ng-template>\n","styles":["::ng-deep .ngxePopover.popover{position:absolute;top:0;left:0;z-index:1060;display:block;max-width:276px;font-family:-apple-system,BlinkMacSystemFont,\"Segoe UI\",Roboto,\"Helvetica Neue\",Arial,sans-serif,\"Apple Color Emoji\",\"Segoe UI Emoji\",\"Segoe UI Symbol\";font-style:normal;font-weight:400;line-height:1.5;text-align:left;text-align:start;text-decoration:none;text-shadow:none;text-transform:none;letter-spacing:normal;word-break:normal;word-spacing:normal;white-space:normal;line-break:auto;font-size:12.25px;word-wrap:break-word;background-color:#fff;background-clip:padding-box;border:1px solid rgba(0,0,0,.2);border-radius:4.2px}::ng-deep .ngxePopover.popover .arrow{position:absolute;display:block;width:14px;height:7px;margin:0 4.2px;border-width:0}::ng-deep .ngxePopover.popover .arrow::after,::ng-deep .ngxePopover.popover .arrow::before{position:absolute;display:block;content:\"\";border-color:transparent;border-style:solid}::ng-deep .ngxePopover.popover .popover-header{padding:7px 10.5px;margin-bottom:0;font-size:14px;color:inherit;background-color:#f7f7f7;border-bottom:1px solid #ebebeb;border-top-left-radius:calc(4.2px - 1px);border-top-right-radius:calc(4.2px - 1px)}::ng-deep .ngxePopover.popover .popover-header:empty{display:none}::ng-deep .ngxePopover.popover .popover-body{padding:7px 10.5px!important;color:#212529}::ng-deep .ngxePopover.popover.bs-popover-auto[x-placement^=top],::ng-deep .ngxePopover.popover.bs-popover-top{margin-bottom:.4rem}::ng-deep .ngxePopover.popover.bs-popover-auto[x-placement^=top] .arrow,::ng-deep .ngxePopover.popover.bs-popover-top .arrow{bottom:calc((7px + 1px) * -1);margin-left:0!important}::ng-deep .ngxePopover.popover.bs-popover-auto[x-placement^=top] .arrow::after,::ng-deep .ngxePopover.popover.bs-popover-auto[x-placement^=top] .arrow::before,::ng-deep .ngxePopover.popover.bs-popover-top .arrow::after,::ng-deep .ngxePopover.popover.bs-popover-top .arrow::before{border-width:7px 7px 0}::ng-deep .ngxePopover.popover.bs-popover-auto[x-placement^=top] .arrow::before,::ng-deep .ngxePopover.popover.bs-popover-top .arrow::before{bottom:0;border-top-color:rgba(0,0,0,.25)}::ng-deep .ngxePopover.popover.bs-popover-auto[x-placement^=top] .arrow::after,::ng-deep .ngxePopover.popover.bs-popover-top .arrow::after{bottom:1px;border-top-color:#fff;margin-left:0}::ng-deep .ngxePopover.popover.bs-popover-auto[x-placement^=right],::ng-deep .ngxePopover.popover.bs-popover-right{margin-left:.4rem}::ng-deep .ngxePopover.popover.bs-popover-auto[x-placement^=right] .arrow,::ng-deep .ngxePopover.popover.bs-popover-right .arrow{left:calc((7px + 1px) * -1);width:7px;height:14px;margin:4.2px 0}::ng-deep .ngxePopover.popover.bs-popover-auto[x-placement^=right] .arrow::after,::ng-deep .ngxePopover.popover.bs-popover-auto[x-placement^=right] .arrow::before,::ng-deep .ngxePopover.popover.bs-popover-right .arrow::after,::ng-deep .ngxePopover.popover.bs-popover-right .arrow::before{border-width:7px 7px 7px 0}::ng-deep .ngxePopover.popover.bs-popover-auto[x-placement^=right] .arrow::before,::ng-deep .ngxePopover.popover.bs-popover-right .arrow::before{left:0;border-right-color:rgba(0,0,0,.25)}::ng-deep .ngxePopover.popover.bs-popover-auto[x-placement^=right] .arrow::after,::ng-deep .ngxePopover.popover.bs-popover-right .arrow::after{left:1px;border-right-color:#fff;margin-left:0}::ng-deep .ngxePopover.popover.bs-popover-auto[x-placement^=bottom],::ng-deep .ngxePopover.popover.bs-popover-bottom{margin-top:.4rem}::ng-deep .ngxePopover.popover.bs-popover-auto[x-placement^=bottom] .arrow,::ng-deep .ngxePopover.popover.bs-popover-bottom .arrow{left:45%!important;top:calc((7px + 1px) * -1);margin-left:0!important}::ng-deep .ngxePopover.popover.bs-popover-auto[x-placement^=bottom] .arrow::after,::ng-deep .ngxePopover.popover.bs-popover-auto[x-placement^=bottom] .arrow::before,::ng-deep .ngxePopover.popover.bs-popover-bottom .arrow::after,::ng-deep .ngxePopover.popover.bs-popover-bottom .arrow::before{border-width:0 7px 7px}::ng-deep .ngxePopover.popover.bs-popover-auto[x-placement^=bottom] .arrow::before,::ng-deep .ngxePopover.popover.bs-popover-bottom .arrow::before{top:0;border-bottom-color:rgba(0,0,0,.25)}::ng-deep .ngxePopover.popover.bs-popover-auto[x-placement^=bottom] .arrow::after,::ng-deep .ngxePopover.popover.bs-popover-bottom .arrow::after{top:1px;border-bottom-color:#fff;margin-left:0}::ng-deep .ngxePopover.popover.bs-popover-auto[x-placement^=bottom] .popover-header::before,::ng-deep .ngxePopover.popover.bs-popover-bottom .popover-header::before{position:absolute;top:0;left:50%;display:block;width:1rem;margin-left:-7px;content:\"\";border-bottom:1px solid #f7f7f7}::ng-deep .ngxePopover.popover.bs-popover-auto[x-placement^=left],::ng-deep .ngxePopover.popover.bs-popover-left{margin-right:.4rem}::ng-deep .ngxePopover.popover.bs-popover-auto[x-placement^=left] .arrow,::ng-deep .ngxePopover.popover.bs-popover-left .arrow{right:calc((7px + 1px) * -1);width:7px;height:14px;margin:4.2px 0}::ng-deep .ngxePopover.popover.bs-popover-auto[x-placement^=left] .arrow::after,::ng-deep .ngxePopover.popover.bs-popover-auto[x-placement^=left] .arrow::before,::ng-deep .ngxePopover.popover.bs-popover-left .arrow::after,::ng-deep .ngxePopover.popover.bs-popover-left .arrow::before{border-width:7px 0 7px 7px}::ng-deep .ngxePopover.popover.bs-popover-auto[x-placement^=left] .arrow::before,::ng-deep .ngxePopover.popover.bs-popover-left .arrow::before{right:0;border-left-color:rgba(0,0,0,.25)}::ng-deep .ngxePopover.popover.bs-popover-auto[x-placement^=left] .arrow::after,::ng-deep .ngxePopover.popover.bs-popover-left .arrow::after{right:1px;border-left-color:#fff;margin-left:0}::ng-deep .ngxePopover .btn{display:inline-block;font-weight:400;text-align:center;white-space:nowrap;vertical-align:middle;-webkit-user-select:none;-moz-user-select:none;-ms-user-select:none;user-select:none;border:1px solid transparent;padding:5.25px 10.5px;font-size:14px;line-height:1.5;border-radius:3.5px;-webkit-transition:color .15s ease-in-out,background-color .15s ease-in-out,border-color .15s ease-in-out,-webkit-box-shadow .15s ease-in-out;transition:color .15s ease-in-out,background-color .15s ease-in-out,border-color .15s ease-in-out,box-shadow .15s ease-in-out,-webkit-box-shadow .15s ease-in-out}::ng-deep .ngxePopover .btn.btn-sm{padding:3.5px 7px;font-size:12.25px;line-height:1.5;border-radius:2.8px}::ng-deep .ngxePopover .btn:active,::ng-deep .ngxePopover .btn:focus{outline:0;-webkit-box-shadow:none;box-shadow:none}::ng-deep .ngxePopover .btn.btn-primary{color:#fff;background-color:#007bff;border-color:#007bff}::ng-deep .ngxePopover .btn.btn-primary:hover{color:#fff;background-color:#0069d9;border-color:#0062cc}::ng-deep .ngxePopover .btn:not(:disabled):not(.disabled){cursor:pointer}::ng-deep .ngxePopover form .form-group{margin-bottom:14px}::ng-deep .ngxePopover form .form-group input{overflow:visible}::ng-deep .ngxePopover form .form-group .form-control-sm{width:100%;outline:0;border:none;border-bottom:1px solid #bdbdbd;border-radius:0;margin-bottom:1px;padding:3.5px 7px;font-size:12.25px;line-height:1.5}::ng-deep .ngxePopover form .form-group.row{display:-webkit-box;display:-ms-flexbox;display:flex;-ms-flex-wrap:wrap;flex-wrap:wrap;margin-left:0;margin-right:0}::ng-deep .ngxePopover form .form-group.row .col{-ms-flex-preferred-size:0;flex-basis:0;-webkit-box-flex:1;-ms-flex-positive:1;flex-grow:1;max-width:100%;padding:0}::ng-deep .ngxePopover form .form-group.row .col:first-child{padding-right:15px}::ng-deep .ngxePopover form .form-check{position:relative;display:block;padding-left:17.5px}::ng-deep .ngxePopover form .form-check .form-check-input{position:absolute;margin-top:4.2px;margin-left:-17.5px}.ngx-toolbar{background-color:#f5f5f5;font-size:.8rem;padding:.2rem;border:1px solid #ddd}.ngx-toolbar .custom-button-container,.ngx-toolbar .ngx-toolbar-set{display:inline-block;border-radius:5px;background-color:transparent}.ngx-toolbar .custom-button-container .ngx-editor-button,.ngx-toolbar .ngx-toolbar-set .ngx-editor-button{background-color:#fff;padding:.4rem;min-width:2.5rem;float:left;border:1px solid #ddd;border-right:transparent}.ngx-toolbar .custom-button-container .ngx-editor-button:hover,.ngx-toolbar .ngx-toolbar-set .ngx-editor-button:hover{cursor:pointer;background-color:#f1f1f1;-webkit-transition:.2s;transition:.2s}.ngx-toolbar .custom-button-container .ngx-editor-button.active,.ngx-toolbar .ngx-toolbar-set .ngx-editor-button.active{color:#00f}.ngx-toolbar .custom-button-container .ngx-editor-button.focus,.ngx-toolbar .custom-button-container .ngx-editor-button:focus,.ngx-toolbar .ngx-toolbar-set .ngx-editor-button.focus,.ngx-toolbar .ngx-toolbar-set .ngx-editor-button:focus{outline:0}.ngx-toolbar .custom-button-container .ngx-editor-button:last-child,.ngx-toolbar .ngx-toolbar-set .ngx-editor-button:last-child{border-right:1px solid #ddd;border-top-right-radius:5px;border-bottom-right-radius:5px}.ngx-toolbar .custom-button-container .ngx-editor-button:first-child,.ngx-toolbar .ngx-toolbar-set .ngx-editor-button:first-child{border-top-left-radius:5px;border-bottom-left-radius:5px}.ngx-toolbar .custom-button-container .ngx-editor-button:disabled,.ngx-toolbar .ngx-toolbar-set .ngx-editor-button:disabled{background-color:#f5f5f5;pointer-events:none;cursor:not-allowed}.ngx-toolbar .ngx-toolbar-set.width-70{width:70%}.custom-button-container{float:right}::ng-deep .popover{border-top-right-radius:0;border-top-left-radius:0}::ng-deep .ngxe-popover{min-width:210px;white-space:nowrap}::ng-deep .ngxe-popover .extra-gt,::ng-deep .ngxe-popover.extra-gt{padding-top:7px!important}::ng-deep .ngxe-popover .extra-gt1,::ng-deep .ngxe-popover.extra-gt1{padding-top:10.5px!important}::ng-deep .ngxe-popover .extra-gt2,::ng-deep .ngxe-popover.extra-gt2{padding-top:14px!important}::ng-deep .ngxe-popover .form-group label{display:none;margin:0}::ng-deep .ngxe-popover .form-group .form-control-sm{width:100%;outline:0;border:none;border-bottom:1px solid #bdbdbd;border-radius:0;margin-bottom:1px;padding-left:0;padding-right:0}::ng-deep .ngxe-popover .form-group .form-control-sm:active,::ng-deep .ngxe-popover .form-group .form-control-sm:focus{border-bottom:2px solid #1e88e5;-webkit-box-shadow:none;box-shadow:none;margin-bottom:0}::ng-deep .ngxe-popover .form-group .form-control-sm.ng-dirty.ng-invalid:not(.ng-pristine){border-bottom:2px solid red}::ng-deep .ngxe-popover .form-check{margin-bottom:14px}::ng-deep .ngxe-popover .btn:focus{-webkit-box-shadow:none!important;box-shadow:none!important}::ng-deep .ngxe-popover.imgc-ctnr{margin:-7px -10.5px}::ng-deep .ngxe-popover.imgc-ctnr .imgc-topbar{-webkit-box-shadow:0 1px 3px rgba(0,0,0,.12),0 1px 1px 1px rgba(0,0,0,.16);box-shadow:0 1px 3px rgba(0,0,0,.12),0 1px 1px 1px rgba(0,0,0,.16);border-bottom:0}::ng-deep .ngxe-popover.imgc-ctnr .imgc-topbar.btn-ctnr button{background-color:transparent;border-radius:0}::ng-deep .ngxe-popover.imgc-ctnr .imgc-topbar.btn-ctnr button:hover{cursor:pointer;background-color:#f1f1f1;-webkit-transition:.2s;transition:.2s}::ng-deep .ngxe-popover.imgc-ctnr .imgc-topbar.btn-ctnr button.active{color:#007bff;-webkit-transition:.2s;transition:.2s;-webkit-box-shadow:none;box-shadow:none}::ng-deep .ngxe-popover.imgc-ctnr .imgc-topbar.two-tabs span{width:50%;text-align:center;display:inline-block;padding:5.6px 0;margin:0 -1px 2px}::ng-deep .ngxe-popover.imgc-ctnr .imgc-topbar.two-tabs span:hover{cursor:pointer}::ng-deep .ngxe-popover.imgc-ctnr .imgc-topbar.two-tabs span.active{margin-bottom:-2px;border-bottom:2px solid #007bff;color:#007bff}::ng-deep .ngxe-popover.imgc-ctnr .imgc-ctnt{padding:7px}::ng-deep .ngxe-popover.imgc-ctnr .imgc-ctnt.is-image .progress{height:7px;margin:7px -7px -8.4px}::ng-deep .ngxe-popover.imgc-ctnr .imgc-ctnt.is-image p{margin:0}::ng-deep .ngxe-popover.imgc-ctnr .imgc-ctnt.is-image .ngx-insert-img-ph{border:2px dashed #bdbdbd;padding:25.2px 0;position:relative;letter-spacing:1px;text-align:center}::ng-deep .ngxe-popover.imgc-ctnr .imgc-ctnt.is-image .ngx-insert-img-ph:hover{background:#ebebeb}::ng-deep .ngxe-popover.imgc-ctnr .imgc-ctnt.is-image .ngx-insert-img-ph .ngxe-img-upl-frm{opacity:0;position:absolute;top:0;bottom:0;left:0;right:0;z-index:2147483640;overflow:hidden;margin:0;padding:0;width:100%}::ng-deep .ngxe-popover.imgc-ctnr .imgc-ctnt.is-image .ngx-insert-img-ph .ngxe-img-upl-frm input{cursor:pointer;position:absolute;right:0;top:0;bottom:0;margin:0}::ng-deep .ngxe-popover.imgc-ctnr .imgc-ctnt.is-image .ngx-insert-img-ph .ngxe-img-upl-frm input[disabled]{cursor:not-allowed!important}::ng-deep .ngxe-popover.tbl-popover-ctnr{min-width:initial}::ng-deep .ngxe-popover.tbl-popover-ctnr .row-column-box-ctnr .row-column-box-row{height:14px}::ng-deep .ngxe-popover.tbl-popover-ctnr .row-column-box-ctnr .row-column-box-row span.row-column-box{display:inline-block;width:10px;height:10px;border:1px solid rgba(0,0,0,.2);border-radius:1px;margin:1px 2px}::ng-deep .ngxe-popover.tbl-popover-ctnr .row-column-box-ctnr .row-column-box-row span.row-column-box.highlight{border-color:#007bff}::ng-deep .ngxe-popover.tbl-popover-ctnr .selected-row-column-count{text-align:center}"],"providers":[{"__symbolic":"reference","module":"ngx-bootstrap","name":"PopoverConfig","line":328,"character":14}]}]}],"members":{"config":[{"__symbolic":"property","decorators":[{"__symbolic":"call","expression":{"__symbolic":"reference","module":"@angular/core","name":"Input","line":334,"character":3}}]}],"languageCode":[{"__symbolic":"property","decorators":[{"__symbolic":"call","expression":{"__symbolic":"reference","module":"@angular/core","name":"Input","line":335,"character":3}}]}],"languageObj":[{"__symbolic":"property","decorators":[{"__symbolic":"call","expression":{"__symbolic":"reference","module":"@angular/core","name":"Input","line":336,"character":3}}]}],"customButtonsArray":[{"__symbolic":"property","decorators":[{"__symbolic":"call","expression":{"__symbolic":"reference","module":"@angular/core","name":"Input","line":338,"character":3}}]}],"execute":[{"__symbolic":"property","decorators":[{"__symbolic":"call","expression":{"__symbolic":"reference","module":"@angular/core","name":"Output","line":340,"character":3}}]}],"triggerCustomClick":[{"__symbolic":"property","decorators":[{"__symbolic":"call","expression":{"__symbolic":"reference","module":"@angular/core","name":"Output","line":342,"character":3}}]}],"focusTextArea":[{"__symbolic":"property","decorators":[{"__symbolic":"call","expression":{"__symbolic":"reference","module":"@angular/core","name":"Output","line":343,"character":3}}]}],"triggerInsertImage":[{"__symbolic":"property","decorators":[{"__symbolic":"call","expression":{"__symbolic":"reference","module":"@angular/core","name":"Output","line":344,"character":3}}]}],"triggerInsertHtml":[{"__symbolic":"property","decorators":[{"__symbolic":"call","expression":{"__symbolic":"reference","module":"@angular/core","name":"Output","line":345,"character":3}}]}],"triggerInsertTable":[{"__symbolic":"property","decorators":[{"__symbolic":"call","expression":{"__symbolic":"reference","module":"@angular/core","name":"Output","line":347,"character":3}}]}],"showPopOver":[{"__symbolic":"property","decorators":[{"__symbolic":"call","expression":{"__symbolic":"reference","module":"@angular/core","name":"Output","line":349,"character":3}}]}],"hidePopOver":[{"__symbolic":"property","decorators":[{"__symbolic":"call","expression":{"__symbolic":"reference","module":"@angular/core","name":"Output","line":350,"character":3}}]}],"urlPopover":[{"__symbolic":"property","decorators":[{"__symbolic":"call","expression":{"__symbolic":"reference","module":"@angular/core","name":"ViewChild","line":352,"character":3},"arguments":["urlPopover"]}]}],"imagePopover":[{"__symbolic":"property","decorators":[{"__symbolic":"call","expression":{"__symbolic":"reference","module":"@angular/core","name":"ViewChild","line":353,"character":3},"arguments":["imagePopover"]}]}],"videoPopover":[{"__symbolic":"property","decorators":[{"__symbolic":"call","expression":{"__symbolic":"reference","module":"@angular/core","name":"ViewChild","line":354,"character":3},"arguments":["videoPopover"]}]}],"fontSizePopover":[{"__symbolic":"property","decorators":[{"__symbolic":"call","expression":{"__symbolic":"reference","module":"@angular/core","name":"ViewChild","line":355,"character":3},"arguments":["fontSizePopover"]}]}],"colorPopover":[{"__symbolic":"property","decorators":[{"__symbolic":"call","expression":{"__symbolic":"reference","module":"@angular/core","name":"ViewChild","line":356,"character":3},"arguments":["colorPopover"]}]}],"tablePopover":[{"__symbolic":"property","decorators":[{"__symbolic":"call","expression":{"__symbolic":"reference","module":"@angular/core","name":"ViewChild","line":357,"character":3},"arguments":["tablePopover"]}]}],"__ctor__":[{"__symbolic":"constructor","parameters":[{"__symbolic":"reference","module":"ngx-bootstrap","name":"PopoverConfig","line":404,"character":38},{"__symbolic":"reference","module":"@angular/forms","name":"FormBuilder","line":405,"character":26},{"__symbolic":"reference","name":"ɵb"},{"__symbolic":"reference","name":"ɵc"}]}],"ngOnInit":[{"__symbolic":"method"}],"canEnableToolbarOptions":[{"__symbolic":"method"}],"triggerCommand":[{"__symbolic":"method"}],"clearActiveButtonWhileErase":[{"__symbolic":"method"}],"buildUrlForm":[{"__symbolic":"method"}],"insertLink":[{"__symbolic":"method"}],"buildImageForm":[{"__symbolic":"method"}],"buildVideoForm":[{"__symbolic":"method"}],"onFileChange":[{"__symbolic":"method"}],"insertImage":[{"__symbolic":"method"}],"insertVideo":[{"__symbolic":"method"}],"insertColor":[{"__symbolic":"method"}],"setFontSize":[{"__symbolic":"method"}],"setFontName":[{"__symbolic":"method"}],"onlyNumbers":[{"__symbolic":"method"}],"triggerCustomButtonClick":[{"__symbolic":"method"}],"onShownImagePopOver":[{"__symbolic":"method"}],"onHideImagePopOver":[{"__symbolic":"method"}],"onShownTablePopOver":[{"__symbolic":"method"}],"onHideTablePopOver":[{"__symbolic":"method"}],"toggleShowLessOrMore":[{"__symbolic":"method"}],"showLessOrMore":[{"__symbolic":"method"}],"initTablePopover":[{"__symbolic":"method"}],"resetTablePopoverData":[{"__symbolic":"method"}],"onMouseEnterRowColumnBox":[{"__symbolic":"method"}],"onMouseLeaveRowColumnBoxContainer":[{"__symbolic":"method"}],"onClickRowColumnBox":[{"__symbolic":"method"}]}}},"origins":{"NgxEditorModule":"./app/ngx-editor/ngx-editor.module","ɵa":"./app/ngx-editor/ngx-editor.component","ɵb":"./app/ngx-editor/common/services/message.service","ɵc":"./app/ngx-editor/common/services/command-executor.service","ɵd":"./app/ngx-editor/ngx-editor-toolbar/ngx-editor-toolbar.component"},"importAs":"ngx-editor"}